timestamp_utc,unity_version,scripting_backend,render_pipeline,build_type,is_batchmode,is_development_build,platform,operating_system,device_model,cpu,cpu_cores,cpu_frequency_mhz,system_memory_mb,gpu,gpu_api,gpu_memory_mb,screen,vsync_count,target_frame_rate,run_in_background,display_refresh_hz,config,agent_count,run,techniques,spatial_index,spatialHash,zeroAlloc,tickBudget,gpuInstancing,burstJobs,seed,fixed_timestep_s,stepping_mode,max_steps_per_frame,warmup_frames,measured_frames,steps_in_window,sim_steps_total,capped_frames,dropped_sim_seconds,gc_collections_in_window,frames_with_collection,frame_ms_median,frame_ms_p95,main_thread_ms_median,main_thread_ms_p95,gpu_ms_median,gpu_ms_p95,sim_ms_per_frame_median,sim_ms_per_frame_p95,step_ms_median,step_ms_p95,present_ms_median,present_ms_p95,other_ms_median,other_ms_p95,gc_alloc_bytes_median,gc_alloc_bytes_p95,draw_calls_median,draw_calls_p95,setpass_calls_median,setpass_calls_p95,batches_median,batches_p95,state_hash,invalid_counters,allocation_source
"2026-09-18T10:42:22.2301702Z","6000.3.10f1","IL2CPP","Built-in","Player",0,0,"WindowsPlayer","Windows 11  (10.0.26200)","16T90TP-GD79K (LG Electronics)","Intel(R) Core(TM) Ultra 7 255H",16,3686,32219,"Intel(R) Arc(TM) 140T GPU (16GB)","Direct3D12",18365,"1280x720",0,-1,1,144.000,"InstancingSweep",1000,1,"spatialHash+zeroAlloc","uniform-grid",1,1,0,0,0,12345,0.0166666675,"fixed-one-step-per-frame",1,60,300,300,359,0,0.000,41,41,1.638,2.497,1.635,2.488,0.558,0.754,0.122,0.209,0.122,0.209,0.033,0.056,1.470,2.284,57344,110592,1026,1043,31,31,1014,1033,7B1EE6E2F067DA6C,"","GC.GetTotalMemory(heap-growth-between-collections)"
"2026-09-18T10:42:23.0514523Z","6000.3.10f1","IL2CPP","Built-in","Player",0,0,"WindowsPlayer","Windows 11  (10.0.26200)","16T90TP-GD79K (LG Electronics)","Intel(R) Core(TM) Ultra 7 255H",16,3686,32219,"Intel(R) Arc(TM) 140T GPU (16GB)","Direct3D12",18365,"1280x720",0,-1,1,144.000,"InstancingSweep",2000,1,"spatialHash+zeroAlloc","uniform-grid",1,1,0,0,0,12345,0.0166666675,"fixed-one-step-per-frame",1,60,300,300,360,0,0.000,33,33,2.170,2.993,2.163,2.981,0.958,1.605,0.325,0.446,0.325,0.446,0.069,0.100,1.754,2.515,57344,77824,2013,2095,41,41,1955,2020,4E00AAFB0B5CB6D0,"","GC.GetTotalMemory(heap-growth-between-collections)"
"2026-09-18T10:42:24.6464212Z","6000.3.10f1","IL2CPP","Built-in","Player",0,0,"WindowsPlayer","Windows 11  (10.0.26200)","16T90TP-GD79K (LG Electronics)","Intel(R) Core(TM) Ultra 7 255H",16,3686,32219,"Intel(R) Arc(TM) 140T GPU (16GB)","Direct3D12",18365,"1280x720",0,-1,1,144.000,"InstancingSweep",5000,1,"spatialHash+zeroAlloc","uniform-grid",1,1,0,0,0,12345,0.0166666675,"fixed-one-step-per-frame",1,60,300,300,360,0,0.000,28,28,4.298,5.410,4.294,5.413,2.107,3.446,1.367,1.694,1.367,1.694,0.213,0.250,2.670,3.782,69632,118784,4993,5720,71,72,4827,5449,A156CE175641E8A5,"","GC.GetTotalMemory(heap-growth-between-collections)"
"2026-09-18T10:42:28.0313706Z","6000.3.10f1","IL2CPP","Built-in","Player",0,0,"WindowsPlayer","Windows 11  (10.0.26200)","16T90TP-GD79K (LG Electronics)","Intel(R) Core(TM) Ultra 7 255H",16,3686,32219,"Intel(R) Arc(TM) 140T GPU (16GB)","Direct3D12",18365,"1280x720",0,-1,1,144.000,"InstancingSweep",10000,1,"spatialHash+zeroAlloc","uniform-grid",1,1,0,0,0,12345,0.0166666675,"fixed-one-step-per-frame",1,60,300,300,360,0,0.000,24,24,8.935,11.685,8.943,11.698,4.126,5.107,4.249,5.267,4.249,5.267,0.447,0.508,4.133,6.571,69632,139264,9955,9999,121,121,9575,9706,D939572A153AA2C2,"","GC.GetTotalMemory(heap-growth-between-collections)"
"2026-09-18T10:42:28.4763416Z","6000.3.10f1","IL2CPP","Built-in","Player",0,0,"WindowsPlayer","Windows 11  (10.0.26200)","16T90TP-GD79K (LG Electronics)","Intel(R) Core(TM) Ultra 7 255H",16,3686,32219,"Intel(R) Arc(TM) 140T GPU (16GB)","Direct3D12",18365,"1280x720",0,-1,1,144.000,"InstancingSweep",1000,1,"spatialHash+zeroAlloc+gpuInstancing","uniform-grid",1,1,0,1,0,12345,0.0166666675,"fixed-one-step-per-frame",1,60,300,300,360,0,0.000,21,21,1.117,2.250,1.118,2.231,0.237,0.304,0.123,0.241,0.123,0.241,0.011,0.020,0.986,2.028,24576,114688,36,36,22,22,36,36,CDDA885196A0EFED,"","GC.GetTotalMemory(heap-growth-between-collections)"
"2026-09-18T10:42:28.9648282Z","6000.3.10f1","IL2CPP","Built-in","Player",0,0,"WindowsPlayer","Windows 11  (10.0.26200)","16T90TP-GD79K (LG Electronics)","Intel(R) Core(TM) Ultra 7 255H",16,3686,32219,"Intel(R) Arc(TM) 140T GPU (16GB)","Direct3D12",18365,"1280x720",0,-1,1,144.000,"InstancingSweep",2000,1,"spatialHash+zeroAlloc+gpuInstancing","uniform-grid",1,1,0,1,0,12345,0.0166666675,"fixed-one-step-per-frame",1,60,300,300,360,0,0.000,22,22,1.340,2.209,1.346,2.151,0.274,0.388,0.322,0.516,0.322,0.516,0.018,0.031,1.012,1.775,57344,77824,39,39,22,22,39,39,4E00AAFB0B5CB6D0,"","GC.GetTotalMemory(heap-growth-between-collections)"
"2026-09-18T10:42:30.0030424Z","6000.3.10f1","IL2CPP","Built-in","Player",0,0,"WindowsPlayer","Windows 11  (10.0.26200)","16T90TP-GD79K (LG Electronics)","Intel(R) Core(TM) Ultra 7 255H",16,3686,32219,"Intel(R) Arc(TM) 140T GPU (16GB)","Direct3D12",18365,"1280x720",0,-1,1,144.000,"InstancingSweep",5000,1,"spatialHash+zeroAlloc+gpuInstancing","uniform-grid",1,1,0,1,0,12345,0.0166666675,"fixed-one-step-per-frame",1,60,300,300,360,0,0.000,22,22,2.589,5.086,2.598,5.098,0.374,0.630,1.271,2.409,1.271,2.409,0.042,0.076,1.175,3.435,69632,98304,48,55,22,22,48,55,A156CE175641E8A5,"","GC.GetTotalMemory(heap-growth-between-collections)"
"2026-09-18T10:42:32.1398394Z","6000.3.10f1","IL2CPP","Built-in","Player",0,0,"WindowsPlayer","Windows 11  (10.0.26200)","16T90TP-GD79K (LG Electronics)","Intel(R) Core(TM) Ultra 7 255H",16,3686,32219,"Intel(R) Arc(TM) 140T GPU (16GB)","Direct3D12",18365,"1280x720",0,-1,1,144.000,"InstancingSweep",10000,1,"spatialHash+zeroAlloc+gpuInstancing","uniform-grid",1,1,0,1,0,12345,0.0166666675,"fixed-one-step-per-frame",1,60,300,300,360,0,0.000,20,20,5.664,8.239,5.641,8.183,0.576,1.167,4.163,6.098,4.163,6.098,0.097,0.151,1.286,2.637,73728,110592,63,63,22,22,63,63,D939572A153AA2C2,"","GC.GetTotalMemory(heap-growth-between-collections)"
"2026-09-18T10:42:32.7497080Z","6000.3.10f1","IL2CPP","Built-in","Player",0,0,"WindowsPlayer","Windows 11  (10.0.26200)","16T90TP-GD79K (LG Electronics)","Intel(R) Core(TM) Ultra 7 255H",16,3686,32219,"Intel(R) Arc(TM) 140T GPU (16GB)","Direct3D12",18365,"1280x720",0,-1,1,144.000,"InstancingSweep",1000,2,"spatialHash+zeroAlloc","uniform-grid",1,1,0,0,0,12345,0.0166666675,"fixed-one-step-per-frame",1,60,300,300,360,0,0.000,19,19,1.578,2.334,1.589,2.314,0.560,0.793,0.127,0.209,0.127,0.209,0.034,0.053,1.421,2.177,53248,106496,1026,1076,31,31,1013,1070,CDDA885196A0EFED,"","GC.GetTotalMemory(heap-growth-between-collections)"
"2026-09-18T10:42:33.5854425Z","6000.3.10f1","IL2CPP","Built-in","Player",0,0,"WindowsPlayer","Windows 11  (10.0.26200)","16T90TP-GD79K (LG Electronics)","Intel(R) Core(TM) Ultra 7 255H",16,3686,32219,"Intel(R) Arc(TM) 140T GPU (16GB)","Direct3D12",18365,"1280x720",0,-1,1,144.000,"InstancingSweep",2000,2,"spatialHash+zeroAlloc","uniform-grid",1,1,0,0,0,12345,0.0166666675,"fixed-one-step-per-frame",1,60,300,300,360,0,0.000,20,20,2.183,3.132,2.198,3.111,0.952,1.821,0.341,0.462,0.341,0.462,0.077,0.109,1.777,2.703,65536,118784,2013,2190,41,41,1951,2095,4E00AAFB0B5CB6D0,"","GC.GetTotalMemory(heap-growth-between-collections)"
"2026-09-18T10:42:35.2539503Z","6000.3.10f1","IL2CPP","Built-in","Player",0,0,"WindowsPlayer","Windows 11  (10.0.26200)","16T90TP-GD79K (LG Electronics)","Intel(R) Core(TM) Ultra 7 255H",16,3686,32219,"Intel(R) Arc(TM) 140T GPU (16GB)","Direct3D12",18365,"1280x720",0,-1,1,144.000,"InstancingSweep",5000,2,"spatialHash+zeroAlloc","uniform-grid",1,1,0,0,0,12345,0.0166666675,"fixed-one-step-per-frame",1,60,300,300,360,0,0.000,18,18,4.618,5.643,4.606,5.637,1.793,2.678,1.406,1.653,1.406,1.653,0.233,0.273,2.946,3.869,69632,106496,4997,5073,71,71,4810,4900,A156CE175641E8A5,"","GC.GetTotalMemory(heap-growth-between-collections)"
"2026-09-18T10:42:38.7841868Z","6000.3.10f1","IL2CPP","Built-in","Player",0,0,"WindowsPlayer","Windows 11  (10.0.26200)","16T90TP-GD79K (LG Electronics)","Intel(R) Core(TM) Ultra 7 255H",16,3686,32219,"Intel(R) Arc(TM) 140T GPU (16GB)","Direct3D12",18365,"1280x720",0,-1,1,144.000,"InstancingSweep",10000,2,"spatialHash+zeroAlloc","uniform-grid",1,1,0,0,0,12345,0.0166666675,"fixed-one-step-per-frame",1,60,300,300,360,0,0.000,21,21,9.436,11.651,9.452,11.654,4.211,5.478,4.337,4.848,4.337,4.848,0.480,0.540,4.569,6.640,69632,135168,9950,9991,121,121,9493,9636,D939572A153AA2C2,"","GC.GetTotalMemory(heap-growth-between-collections)"
"2026-09-18T10:42:39.2692996Z","6000.3.10f1","IL2CPP","Built-in","Player",0,0,"WindowsPlayer","Windows 11  (10.0.26200)","16T90TP-GD79K (LG Electronics)","Intel(R) Core(TM) Ultra 7 255H",16,3686,32219,"Intel(R) Arc(TM) 140T GPU (16GB)","Direct3D12",18365,"1280x720",0,-1,1,144.000,"InstancingSweep",1000,2,"spatialHash+zeroAlloc+gpuInstancing","uniform-grid",1,1,0,1,0,12345,0.0166666675,"fixed-one-step-per-frame",1,60,300,300,360,0,0.000,20,20,1.185,2.340,1.181,2.345,0.248,0.286,0.130,0.258,0.130,0.258,0.011,0.019,1.038,2.102,57344,86016,36,36,22,22,36,36,CDDA885196A0EFED,"","GC.GetTotalMemory(heap-growth-between-collections)"
"2026-09-18T10:42:39.8020649Z","6000.3.10f1","IL2CPP","Built-in","Player",0,0,"WindowsPlayer","Windows 11  (10.0.26200)","16T90TP-GD79K (LG Electronics)","Intel(R) Core(TM) Ultra 7 255H",16,3686,32219,"Intel(R) Arc(TM) 140T GPU (16GB)","Direct3D12",18365,"1280x720",0,-1,1,144.000,"InstancingSweep",2000,2,"spatialHash+zeroAlloc+gpuInstancing","uniform-grid",1,1,0,1,0,12345,0.0166666675,"fixed-one-step-per-frame",1,60,300,300,360,0,0.000,19,19,1.406,2.701,1.408,2.770,0.280,0.401,0.340,0.535,0.340,0.535,0.019,0.033,1.058,2.094,57344,81920,39,39,22,22,39,39,4E00AAFB0B5CB6D0,"","GC.GetTotalMemory(heap-growth-between-collections)"
"2026-09-18T10:42:40.8028050Z","6000.3.10f1","IL2CPP","Built-in","Player",0,0,"WindowsPlayer","Windows 11  (10.0.26200)","16T90TP-GD79K (LG Electronics)","Intel(R) Core(TM) Ultra 7 255H",16,3686,32219,"Intel(R) Arc(TM) 140T GPU (16GB)","Direct3D12",18365,"1280x720",0,-1,1,144.000,"InstancingSweep",5000,2,"spatialHash+zeroAlloc+gpuInstancing","uniform-grid",1,1,0,1,0,12345,0.0166666675,"fixed-one-step-per-frame",1,60,300,300,360,0,0.000,20,20,2.572,4.712,2.575,4.696,0.361,0.818,1.319,2.122,1.319,2.122,0.043,0.067,1.189,2.513,65536,86016,48,54,22,22,48,54,A156CE175641E8A5,"","GC.GetTotalMemory(heap-growth-between-collections)"
"2026-09-18T10:42:42.9673915Z","6000.3.10f1","IL2CPP","Built-in","Player",0,0,"WindowsPlayer","Windows 11  (10.0.26200)","16T90TP-GD79K (LG Electronics)","Intel(R) Core(TM) Ultra 7 255H",16,3686,32219,"Intel(R) Arc(TM) 140T GPU (16GB)","Direct3D12",18365,"1280x720",0,-1,1,144.000,"InstancingSweep",10000,2,"spatialHash+zeroAlloc+gpuInstancing","uniform-grid",1,1,0,1,0,12345,0.0166666675,"fixed-one-step-per-frame",1,60,300,300,360,0,0.000,18,18,5.757,7.644,5.761,7.661,0.852,1.816,4.344,5.993,4.344,5.993,0.101,0.130,1.335,2.446,73728,110592,63,63,22,22,63,63,D939572A153AA2C2,"","GC.GetTotalMemory(heap-growth-between-collections)"
"2026-09-18T10:42:43.6405874Z","6000.3.10f1","IL2CPP","Built-in","Player",0,0,"WindowsPlayer","Windows 11  (10.0.26200)","16T90TP-GD79K (LG Electronics)","Intel(R) Core(TM) Ultra 7 255H",16,3686,32219,"Intel(R) Arc(TM) 140T GPU (16GB)","Direct3D12",18365,"1280x720",0,-1,1,144.000,"InstancingSweep",1000,3,"spatialHash+zeroAlloc","uniform-grid",1,1,0,0,0,12345,0.0166666675,"fixed-one-step-per-frame",1,60,300,300,360,0,0.000,17,17,1.707,2.763,1.705,2.746,0.562,0.846,0.132,0.267,0.132,0.267,0.038,0.073,1.530,2.444,65536,86016,1025,1101,31,31,1011,1094,CDDA885196A0EFED,"","GC.GetTotalMemory(heap-growth-between-collections)"
"2026-09-18T10:42:44.5391058Z","6000.3.10f1","IL2CPP","Built-in","Player",0,0,"WindowsPlayer","Windows 11  (10.0.26200)","16T90TP-GD79K (LG Electronics)","Intel(R) Core(TM) Ultra 7 255H",16,3686,32219,"Intel(R) Arc(TM) 140T GPU (16GB)","Direct3D12",18365,"1280x720",0,-1,1,144.000,"InstancingSweep",2000,3,"spatialHash+zeroAlloc","uniform-grid",1,1,0,0,0,12345,0.0166666675,"fixed-one-step-per-frame",1,60,300,300,360,0,0.000,19,19,2.319,3.725,2.332,3.715,0.960,1.776,0.344,0.626,0.344,0.626,0.082,0.142,1.853,3.210,69632,122880,2009,2103,41,41,1950,2074,4E00AAFB0B5CB6D0,"","GC.GetTotalMemory(heap-growth-between-collections)"
"2026-09-18T10:42:46.2452123Z","6000.3.10f1","IL2CPP","Built-in","Player",0,0,"WindowsPlayer","Windows 11  (10.0.26200)","16T90TP-GD79K (LG Electronics)","Intel(R) Core(TM) Ultra 7 255H",16,3686,32219,"Intel(R) Arc(TM) 140T GPU (16GB)","Direct3D12",18365,"1280x720",0,-1,1,144.000,"InstancingSweep",5000,3,"spatialHash+zeroAlloc","uniform-grid",1,1,0,0,0,12345,0.0166666675,"fixed-one-step-per-frame",1,60,300,300,360,0,0.000,19,19,4.523,6.381,4.515,6.350,2.263,3.265,1.424,2.203,1.424,2.203,0.245,0.325,2.814,4.007,69632,135168,4988,5301,71,71,4811,5137,A156CE175641E8A5,"","GC.GetTotalMemory(heap-growth-between-collections)"
"2026-09-18T10:42:49.9055718Z","6000.3.10f1","IL2CPP","Built-in","Player",0,0,"WindowsPlayer","Windows 11  (10.0.26200)","16T90TP-GD79K (LG Electronics)","Intel(R) Core(TM) Ultra 7 255H",16,3686,32219,"Intel(R) Arc(TM) 140T GPU (16GB)","Direct3D12",18365,"1280x720",0,-1,1,144.000,"InstancingSweep",10000,3,"spatialHash+zeroAlloc","uniform-grid",1,1,0,0,0,12345,0.0166666675,"fixed-one-step-per-frame",1,60,300,300,360,0,0.000,19,19,9.724,13.560,9.703,13.577,4.496,5.694,4.571,6.267,4.571,6.267,0.505,0.609,4.394,6.860,69632,106496,9951,9992,121,121,9553,9685,D939572A153AA2C2,"","GC.GetTotalMemory(heap-growth-between-collections)"
"2026-09-18T10:42:50.3934975Z","6000.3.10f1","IL2CPP","Built-in","Player",0,0,"WindowsPlayer","Windows 11  (10.0.26200)","16T90TP-GD79K (LG Electronics)","Intel(R) Core(TM) Ultra 7 255H",16,3686,32219,"Intel(R) Arc(TM) 140T GPU (16GB)","Direct3D12",18365,"1280x720",0,-1,1,144.000,"InstancingSweep",1000,3,"spatialHash+zeroAlloc+gpuInstancing","uniform-grid",1,1,0,1,0,12345,0.0166666675,"fixed-one-step-per-frame",1,60,300,300,360,0,0.000,19,19,1.207,2.473,1.200,2.475,0.280,0.332,0.129,0.256,0.129,0.256,0.011,0.021,1.072,2.219,57344,114688,36,36,22,22,36,36,CDDA885196A0EFED,"","GC.GetTotalMemory(heap-growth-between-collections)"
"2026-09-18T10:42:50.9559593Z","6000.3.10f1","IL2CPP","Built-in","Player",0,0,"WindowsPlayer","Windows 11  (10.0.26200)","16T90TP-GD79K (LG Electronics)","Intel(R) Core(TM) Ultra 7 255H",16,3686,32219,"Intel(R) Arc(TM) 140T GPU (16GB)","Direct3D12",18365,"1280x720",0,-1,1,144.000,"InstancingSweep",2000,3,"spatialHash+zeroAlloc+gpuInstancing","uniform-grid",1,1,0,1,0,12345,0.0166666675,"fixed-one-step-per-frame",1,60,300,300,360,0,0.000,20,20,1.409,2.802,1.413,2.822,0.312,0.431,0.348,0.684,0.348,0.684,0.019,0.036,1.070,2.095,61440,77824,39,39,22,22,39,39,4E00AAFB0B5CB6D0,"","GC.GetTotalMemory(heap-growth-between-collections)"
"2026-09-18T10:42:52.0220638Z","6000.3.10f1","IL2CPP","Built-in","Player",0,0,"WindowsPlayer","Windows 11  (10.0.26200)","16T90TP-GD79K (LG Electronics)","Intel(R) Core(TM) Ultra 7 255H",16,3686,32219,"Intel(R) Arc(TM) 140T GPU (16GB)","Direct3D12",18365,"1280x720",0,-1,1,144.000,"InstancingSweep",5000,3,"spatialHash+zeroAlloc+gpuInstancing","uniform-grid",1,1,0,1,0,12345,0.0166666675,"fixed-one-step-per-frame",1,60,300,300,360,0,0.000,21,21,2.707,4.593,2.720,4.600,0.416,1.009,1.366,2.441,1.366,2.441,0.045,0.077,1.252,2.647,69632,98304,48,52,22,22,48,52,A156CE175641E8A5,"","GC.GetTotalMemory(heap-growth-between-collections)"
"2026-09-18T10:42:54.2717755Z","6000.3.10f1","IL2CPP","Built-in","Player",0,0,"WindowsPlayer","Windows 11  (10.0.26200)","16T90TP-GD79K (LG Electronics)","Intel(R) Core(TM) Ultra 7 255H",16,3686,32219,"Intel(R) Arc(TM) 140T GPU (16GB)","Direct3D12",18365,"1280x720",0,-1,1,144.000,"InstancingSweep",10000,3,"spatialHash+zeroAlloc+gpuInstancing","uniform-grid",1,1,0,1,0,12345,0.0166666675,"fixed-one-step-per-frame",1,60,300,300,360,0,0.000,20,20,5.954,7.975,5.960,7.966,0.848,2.554,4.379,6.089,4.379,6.089,0.105,0.153,1.429,2.691,73728,98304,63,63,22,22,63,63,D939572A153AA2C2,"","GC.GetTotalMemory(heap-growth-between-collections)"
"2026-09-18T10:42:54.9658223Z","6000.3.10f1","IL2CPP","Built-in","Player",0,0,"WindowsPlayer","Windows 11  (10.0.26200)","16T90TP-GD79K (LG Electronics)","Intel(R) Core(TM) Ultra 7 255H",16,3686,32219,"Intel(R) Arc(TM) 140T GPU (16GB)","Direct3D12",18365,"1280x720",0,-1,1,144.000,"InstancingSweep",1000,4,"spatialHash+zeroAlloc","uniform-grid",1,1,0,0,0,12345,0.0166666675,"fixed-one-step-per-frame",1,60,300,300,360,0,0.000,17,17,1.762,2.968,1.777,2.945,0.629,0.852,0.128,0.251,0.128,0.251,0.038,0.065,1.579,2.725,65536,106496,1026,1034,31,31,1011,1032,CDDA885196A0EFED,"","GC.GetTotalMemory(heap-growth-between-collections)"
"2026-09-18T10:42:55.9288899Z","6000.3.10f1","IL2CPP","Built-in","Player",0,0,"WindowsPlayer","Windows 11  (10.0.26200)","16T90TP-GD79K (LG Electronics)","Intel(R) Core(TM) Ultra 7 255H",16,3686,32219,"Intel(R) Arc(TM) 140T GPU (16GB)","Direct3D12",18365,"1280x720",0,-1,1,144.000,"InstancingSweep",2000,4,"spatialHash+zeroAlloc","uniform-grid",1,1,0,0,0,12345,0.0166666675,"fixed-one-step-per-frame",1,60,300,300,360,0,0.000,17,17,2.511,4.059,2.513,4.067,1.067,1.827,0.357,0.707,0.357,0.707,0.090,0.155,2.037,3.330,65536,77824,2011,2028,41,41,1953,2006,4E00AAFB0B5CB6D0,"","GC.GetTotalMemory(heap-growth-between-collections)"
"2026-09-18T10:42:57.8594641Z","6000.3.10f1","IL2CPP","Built-in","Player",0,0,"WindowsPlayer","Windows 11  (10.0.26200)","16T90TP-GD79K (LG Electronics)","Intel(R) Core(TM) Ultra 7 255H",16,3686,32219,"Intel(R) Arc(TM) 140T GPU (16GB)","Direct3D12",18365,"1280x720",0,-1,1,144.000,"InstancingSweep",5000,4,"spatialHash+zeroAlloc","uniform-grid",1,1,0,0,0,12345,0.0166666675,"fixed-one-step-per-frame",1,60,300,300,360,0,0.000,18,18,4.851,8.667,4.838,8.633,2.503,4.251,1.407,2.352,1.407,2.352,0.255,0.343,3.102,7.124,69632,135168,4989,5572,71,72,4800,5350,A156CE175641E8A5,"","GC.GetTotalMemory(heap-growth-between-collections)"
"2026-09-18T10:43:01.5413702Z","6000.3.10f1","IL2CPP","Built-in","Player",0,0,"WindowsPlayer","Windows 11  (10.0.26200)","16T90TP-GD79K (LG Electronics)","Intel(R) Core(TM) Ultra 7 255H",16,3686,32219,"Intel(R) Arc(TM) 140T GPU (16GB)","Direct3D12",18365,"1280x720",0,-1,1,144.000,"InstancingSweep",10000,4,"spatialHash+zeroAlloc","uniform-grid",1,1,0,0,0,12345,0.0166666675,"fixed-one-step-per-frame",1,60,300,300,360,0,0.000,19,19,9.699,12.772,9.701,12.780,5.206,7.084,4.481,5.816,4.481,5.816,0.523,0.593,4.523,7.012,69632,126976,9935,10002,121,121,9544,9717,D939572A153AA2C2,"","GC.GetTotalMemory(heap-growth-between-collections)"
"2026-09-18T10:43:02.0298656Z","6000.3.10f1","IL2CPP","Built-in","Player",0,0,"WindowsPlayer","Windows 11  (10.0.26200)","16T90TP-GD79K (LG Electronics)","Intel(R) Core(TM) Ultra 7 255H",16,3686,32219,"Intel(R) Arc(TM) 140T GPU (16GB)","Direct3D12",18365,"1280x720",0,-1,1,144.000,"InstancingSweep",1000,4,"spatialHash+zeroAlloc+gpuInstancing","uniform-grid",1,1,0,1,0,12345,0.0166666675,"fixed-one-step-per-frame",1,60,300,300,360,0,0.000,18,18,1.254,2.175,1.254,2.182,0.402,0.464,0.123,0.224,0.123,0.224,0.011,0.019,1.120,1.983,20480,110592,36,36,22,22,36,36,CDDA885196A0EFED,"","GC.GetTotalMemory(heap-growth-between-collections)"
"2026-09-18T10:43:02.6200026Z","6000.3.10f1","IL2CPP","Built-in","Player",0,0,"WindowsPlayer","Windows 11  (10.0.26200)","16T90TP-GD79K (LG Electronics)","Intel(R) Core(TM) Ultra 7 255H",16,3686,32219,"Intel(R) Arc(TM) 140T GPU (16GB)","Direct3D12",18365,"1280x720",0,-1,1,144.000,"InstancingSweep",2000,4,"spatialHash+zeroAlloc+gpuInstancing","uniform-grid",1,1,0,1,0,12345,0.0166666675,"fixed-one-step-per-frame",1,60,300,300,360,0,0.000,20,20,1.496,2.252,1.502,2.273,0.466,0.515,0.329,0.485,0.329,0.485,0.019,0.028,1.145,1.838,57344,81920,39,39,22,22,39,39,4E00AAFB0B5CB6D0,"","GC.GetTotalMemory(heap-growth-between-collections)"
"2026-09-18T10:43:03.5866432Z","6000.3.10f1","IL2CPP","Built-in","Player",0,0,"WindowsPlayer","Windows 11  (10.0.26200)","16T90TP-GD79K (LG Electronics)","Intel(R) Core(TM) Ultra 7 255H",16,3686,32219,"Intel(R) Arc(TM) 140T GPU (16GB)","Direct3D12",18365,"1280x720",0,-1,1,144.000,"InstancingSweep",5000,4,"spatialHash+zeroAlloc+gpuInstancing","uniform-grid",1,1,0,1,0,12345,0.0166666675,"fixed-one-step-per-frame",1,60,300,300,360,0,0.000,19,19,2.537,4.200,2.546,4.183,0.677,1.427,1.333,2.154,1.333,2.154,0.044,0.074,1.178,2.231,69632,98304,48,58,22,22,48,58,A156CE175641E8A5,"","GC.GetTotalMemory(heap-growth-between-collections)"
"2026-09-18T10:43:05.8826371Z","6000.3.10f1","IL2CPP","Built-in","Player",0,0,"WindowsPlayer","Windows 11  (10.0.26200)","16T90TP-GD79K (LG Electronics)","Intel(R) Core(TM) Ultra 7 255H",16,3686,32219,"Intel(R) Arc(TM) 140T GPU (16GB)","Direct3D12",18365,"1280x720",0,-1,1,144.000,"InstancingSweep",10000,4,"spatialHash+zeroAlloc+gpuInstancing","uniform-grid",1,1,0,1,0,12345,0.0166666675,"fixed-one-step-per-frame",1,60,300,300,360,0,0.000,18,18,6.034,8.795,6.036,8.781,1.156,4.338,4.335,6.486,4.335,6.486,0.105,0.136,1.452,2.995,73728,110592,63,92,22,22,63,92,D939572A153AA2C2,"","GC.GetTotalMemory(heap-growth-between-collections)"
"2026-09-18T10:43:06.6126428Z","6000.3.10f1","IL2CPP","Built-in","Player",0,0,"WindowsPlayer","Windows 11  (10.0.26200)","16T90TP-GD79K (LG Electronics)","Intel(R) Core(TM) Ultra 7 255H",16,3686,32219,"Intel(R) Arc(TM) 140T GPU (16GB)","Direct3D12",18365,"1280x720",0,-1,1,144.000,"InstancingSweep",1000,5,"spatialHash+zeroAlloc","uniform-grid",1,1,0,0,0,12345,0.0166666675,"fixed-one-step-per-frame",1,60,300,300,360,0,0.000,17,17,1.833,3.093,1.834,3.087,0.773,0.826,0.127,0.226,0.127,0.226,0.039,0.067,1.646,2.914,65536,106496,1024,1033,31,31,1008,1030,CDDA885196A0EFED,"","GC.GetTotalMemory(heap-growth-between-collections)"
"2026-09-18T10:43:07.6138678Z","6000.3.10f1","IL2CPP","Built-in","Player",0,0,"WindowsPlayer","Windows 11  (10.0.26200)","16T90TP-GD79K (LG Electronics)","Intel(R) Core(TM) Ultra 7 255H",16,3686,32219,"Intel(R) Arc(TM) 140T GPU (16GB)","Direct3D12",18365,"1280x720",0,-1,1,144.000,"InstancingSweep",2000,5,"spatialHash+zeroAlloc","uniform-grid",1,1,0,0,0,12345,0.0166666675,"fixed-one-step-per-frame",1,60,300,300,360,0,0.000,19,19,2.599,4.194,2.598,4.136,1.336,2.144,0.353,0.646,0.353,0.646,0.090,0.144,2.132,3.623,69632,139264,2008,2028,41,41,1945,2009,4E00AAFB0B5CB6D0,"","GC.GetTotalMemory(heap-growth-between-collections)"
"2026-09-18T10:43:09.5254783Z","6000.3.10f1","IL2CPP","Built-in","Player",0,0,"WindowsPlayer","Windows 11  (10.0.26200)","16T90TP-GD79K (LG Electronics)","Intel(R) Core(TM) Ultra 7 255H",16,3686,32219,"Intel(R) Arc(TM) 140T GPU (16GB)","Direct3D12",18365,"1280x720",0,-1,1,144.000,"InstancingSweep",5000,5,"spatialHash+zeroAlloc","uniform-grid",1,1,0,0,0,12345,0.0166666675,"fixed-one-step-per-frame",1,60,300,300,360,0,0.000,18,18,4.842,8.237,4.849,8.204,2.924,4.570,1.398,1.970,1.398,1.970,0.249,0.322,3.152,6.528,69632,126976,4989,5612,71,72,4800,5355,A156CE175641E8A5,"","GC.GetTotalMemory(heap-growth-between-collections)"
"2026-09-18T10:43:13.3353462Z","6000.3.10f1","IL2CPP","Built-in","Player",0,0,"WindowsPlayer","Windows 11  (10.0.26200)","16T90TP-GD79K (LG Electronics)","Intel(R) Core(TM) Ultra 7 255H",16,3686,32219,"Intel(R) Arc(TM) 140T GPU (16GB)","Direct3D12",18365,"1280x720",0,-1,1,144.000,"InstancingSweep",10000,5,"spatialHash+zeroAlloc","uniform-grid",1,1,0,0,0,12345,0.0166666675,"fixed-one-step-per-frame",1,60,300,300,360,0,0.000,19,19,10.157,13.153,10.153,13.099,6.253,8.273,4.434,5.310,4.434,5.310,0.506,0.555,5.093,7.485,69632,114688,9938,10519,121,122,9490,10040,D939572A153AA2C2,"","GC.GetTotalMemory(heap-growth-between-collections)"
"2026-09-18T10:43:13.9514695Z","6000.3.10f1","IL2CPP","Built-in","Player",0,0,"WindowsPlayer","Windows 11  (10.0.26200)","16T90TP-GD79K (LG Electronics)","Intel(R) Core(TM) Ultra 7 255H",16,3686,32219,"Intel(R) Arc(TM) 140T GPU (16GB)","Direct3D12",18365,"1280x720",0,-1,1,144.000,"InstancingSweep",1000,5,"spatialHash+zeroAlloc+gpuInstancing","uniform-grid",1,1,0,1,0,12345,0.0166666675,"fixed-one-step-per-frame",1,60,300,300,360,0,0.000,19,19,1.525,2.750,1.531,2.737,0.612,0.758,0.132,0.193,0.132,0.193,0.011,0.017,1.372,2.581,61440,114688,36,36,22,22,36,36,CDDA885196A0EFED,"","GC.GetTotalMemory(heap-growth-between-collections)"
"2026-09-18T10:43:14.7148700Z","6000.3.10f1","IL2CPP","Built-in","Player",0,0,"WindowsPlayer","Windows 11  (10.0.26200)","16T90TP-GD79K (LG Electronics)","Intel(R) Core(TM) Ultra 7 255H",16,3686,32219,"Intel(R) Arc(TM) 140T GPU (16GB)","Direct3D12",18365,"1280x720",0,-1,1,144.000,"InstancingSweep",2000,5,"spatialHash+zeroAlloc+gpuInstancing","uniform-grid",1,1,0,1,0,12345,0.0166666675,"fixed-one-step-per-frame",1,60,300,300,360,0,0.000,19,19,1.838,3.360,1.833,3.324,0.827,0.937,0.349,0.672,0.349,0.672,0.020,0.032,1.468,2.729,65536,77824,39,39,22,22,39,39,4E00AAFB0B5CB6D0,"","GC.GetTotalMemory(heap-growth-between-collections)"
"2026-09-18T10:43:15.7000170Z","6000.3.10f1","IL2CPP","Built-in","Player",0,0,"WindowsPlayer","Windows 11  (10.0.26200)","16T90TP-GD79K (LG Electronics)","Intel(R) Core(TM) Ultra 7 255H",16,3686,32219,"Intel(R) Arc(TM) 140T GPU (16GB)","Direct3D12",18365,"1280x720",0,-1,1,144.000,"InstancingSweep",5000,5,"spatialHash+zeroAlloc+gpuInstancing","uniform-grid",1,1,0,1,0,12345,0.0166666675,"fixed-one-step-per-frame",1,60,300,300,360,0,0.000,19,19,2.533,4.437,2.541,4.415,0.681,0.755,1.345,2.077,1.345,2.077,0.044,0.083,1.177,2.107,69632,110592,48,62,22,22,48,61,A156CE175641E8A5,"","GC.GetTotalMemory(heap-growth-between-collections)"
"2026-09-18T10:43:17.9836939Z","6000.3.10f1","IL2CPP","Built-in","Player",0,0,"WindowsPlayer","Windows 11  (10.0.26200)","16T90TP-GD79K (LG Electronics)","Intel(R) Core(TM) Ultra 7 255H",16,3686,32219,"Intel(R) Arc(TM) 140T GPU (16GB)","Direct3D12",18365,"1280x720",0,-1,1,144.000,"InstancingSweep",10000,5,"spatialHash+zeroAlloc+gpuInstancing","uniform-grid",1,1,0,1,0,12345,0.0166666675,"fixed-one-step-per-frame",1,60,300,300,360,0,0.000,18,18,6.032,8.796,6.034,8.777,1.283,4.389,4.360,6.331,4.360,6.331,0.106,0.145,1.438,2.913,73728,110592,63,92,22,23,63,92,D939572A153AA2C2,"","GC.GetTotalMemory(heap-growth-between-collections)"
